name,slug,created_at,updated_at,id
Eric Clapton,eric-clapton,2020-02-22 16:15:56.623452,2020-02-22 16:15:56.623452,9086752c-7d9a-4805-8a0a-9084c69282c5
Marc Brownstein,marc-brownstein,2020-02-22 16:15:56.800002,2020-02-22 16:15:56.800002,e2397ce3-857e-425f-925e-1cb30de780d7
The Disco Biscuits,the-disco-biscuits,2020-02-22 16:15:56.877647,2020-02-22 16:15:56.877647,e29db38d-5b63-4e2c-b5bc-8f4ed3fe1c64
Led Zeppelin,led-zeppelin,2020-02-22 16:15:56.949843,2020-02-22 16:15:56.949843,f59c90a1-64c6-4910-916e-81bd2a26052d
Henry Mancini,henry-mancini,2020-02-22 16:15:57.036280,2020-02-22 16:15:57.036280,f55ed0ee-0be3-4471-9848-faa25a7bc1a8
Jon Gutwillig,jon-gutwillig,2020-02-22 16:15:57.087243,2020-02-22 16:15:57.087243,4338604b-38e0-432c-855b-bcd9091d4409
Allman Brothers Band,allman-brothers-band,2020-02-22 16:15:57.127724,2020-02-22 16:15:57.127724,68523afb-2089-4b38-b8ea-758347d5a0b6
The Grateful Dead,the-grateful-dead,2020-02-22 16:15:57.172375,2020-02-22 16:15:57.172375,079d7757-bd68-46ac-990a-6a254e0a9285
Billy Reid,billy-reid,2020-02-22 16:15:57.257972,2020-02-22 16:15:57.257972,425b94d7-42a4-4aa4-b3a4-d6c2aaa6e798
Thelonious Monk,thelonious-monk,2020-02-22 16:15:57.382862,2020-02-22 16:15:57.382862,5722f488-60d2-416d-a5e3-50910aa608ec
Conspirator,conspirator,2020-02-22 16:15:57.535911,2020-02-22 16:15:57.535911,e27cd1c0-0ed7-4c84-ba98-5b5b134e1ed9
The Join,the-join,2020-02-22 16:15:57.643367,2020-02-22 16:15:57.643367,ae89d11b-0538-4597-ac78-2b1fb2ed7948
JJ Cale,jj-cale,2020-02-22 16:15:57.742545,2020-02-22 16:15:57.742545,b5581674-182f-46a7-aaf3-439de8ba53ac
"Abrams, Gutwillig",abrams-gutwillig,2020-02-22 16:15:57.946139,2020-02-22 16:15:57.946139,2abc45ea-3a6e-4137-98d8-6bd4229b942f
Noah Lewis,noah-lewis,2020-02-22 16:15:58.112474,2020-02-22 16:15:58.112474,116dbc85-b83f-4f06-8345-702ee849a282
James Brown,james-brown,2020-02-22 16:15:58.236893,2020-02-22 16:15:58.236893,f5ee35db-3040-4b2a-9167-33e966dfdd9b
"Brownstein, Gutwillig, Hayflick",brownstein-gutwillig-hayflick,2020-02-22 16:15:58.303914,2020-02-22 16:15:58.303914,7c60ef7a-27aa-4632-a6f5-a27d5f23db77
"Brownstein, Gutwillig",brownstein-gutwillig,2020-02-22 16:15:58.432453,2020-02-22 16:15:58.432453,2c0efbda-2ac6-4789-95a4-de69013a617b
Hallucinogen,hallucinogen,2020-02-22 16:15:58.487543,2020-02-22 16:15:58.487543,2a4cf776-7f65-4bc7-8c3e-5797404d9665
Pink Floyd,pink-floyd,2020-02-22 16:15:58.777810,2020-02-22 16:15:58.777810,0613f1fa-e69e-4913-8ca0-f7bb72e5d6ec
The Trammps,the-trammps,2020-02-22 16:15:59.049988,2020-02-22 16:15:59.049988,492d80d3-b814-4f81-8cea-0a09559bfb51
"Gutwillig, O'Brien",gutwillig-o-brien,2020-02-22 16:15:59.104243,2020-02-22 16:15:59.104243,9b974579-8aaa-4842-b49a-070e455b9a87
Sam Altman,sam-altman,2020-02-22 16:15:59.314135,2020-02-22 16:15:59.314135,9ff6cb71-06e9-4fb2-81bf-8a313752e718
Aron Magner,aron-magner,2020-02-22 16:15:59.482480,2020-02-22 16:15:59.482480,a827e021-ab19-4d94-9aa8-6097e0fba28b
Slick Rick,slick-rick,2020-02-22 16:15:59.941211,2020-02-22 16:15:59.941211,0c7e4443-1a02-4b53-904a-490730129645
"Gutwillig, Magner",gutwillig-magner,2020-02-22 16:15:59.997288,2020-02-22 16:15:59.997288,7a01161d-ab82-40e5-99a1-49945cf0be96
Willie Dixon,willie-dixon,2020-02-22 16:16:00.075414,2020-02-22 16:16:00.075414,12a3ba18-9d95-4ff0-93ff-8e8c250d58d0
The New Deal/The Disco Biscuits,the-new-deal-the-disco-biscuits,2020-02-22 16:16:00.143576,2020-02-22 16:16:00.143576,6a561edc-ee55-4638-b407-2cc092bffab8
"Marc Brownstein, Benjy Eisen",marc-brownstein-benjy-eisen,2020-02-22 16:16:00.340230,2020-02-22 16:16:00.340230,9768611c-e5f6-47cb-a2a2-63c27476f317
Rush,rush,2020-02-22 16:16:00.494485,2020-02-22 16:16:00.494485,f1ee3474-a4a0-46c2-aaf5-be0cc9759f46
"Stu Phillips, Glen Larson",stu-phillips-glen-larson,2020-02-22 16:16:00.642592,2020-02-22 16:16:00.642592,9c4a7dd8-c112-4523-967a-f3b92b2b6db2
The Beatles,the-beatles,2020-02-22 16:16:00.757622,2020-02-22 16:16:00.757622,4c05e770-de89-4034-970d-7841d064b9e6
Aron Magner & Allen Aucoin,aron-magner-allen-aucoin,2020-02-22 16:16:00.906186,2020-02-22 16:16:00.906186,4fd3079f-e213-4178-9ca7-0d1b79843c59
Phish,phish,2020-02-22 16:16:01.033838,2020-02-22 16:16:01.033838,1078df0b-4ebf-4d7b-bbf3-5d3d98eeeed5
Trey Anastasio,trey-anastasio,2020-02-22 16:16:01.092810,2020-02-22 16:16:01.092810,b2862b20-2f95-4bd9-a302-01c6ccd82cc9
Mongo Santamaria,mongo-santamaria,2020-02-22 16:16:01.166695,2020-02-22 16:16:01.166695,c8f9a570-b293-4f4b-b245-43f23a70b427
Miles Davis,miles-davis,2020-02-22 16:16:01.286023,2020-02-22 16:16:01.286023,39c2cd2d-8b91-439b-bf17-53026b1401a3
Elvis Presley,elvis-presley,2020-02-22 16:16:01.377856,2020-02-22 16:16:01.377856,1f98dde4-ce73-44fa-ba97-7b06133254e9
"Jerry Wexler, Bert Berns, Solomon Burke",jerry-wexler-bert-berns-solomon-burke,2020-02-22 16:16:01.485648,2020-02-22 16:16:01.485648,bfca103c-706f-4a7f-ab3e-8d0288735c19
"Braff, Gutwillig",braff-gutwillig,2020-02-22 16:16:01.532350,2020-02-22 16:16:01.532350,64c7f783-7464-4ead-a2f1-40432eae1580
Jimi Hendrix,jimi-hendrix,2020-02-22 16:16:01.674912,2020-02-22 16:16:01.674912,73887592-0836-4584-afe1-e38345f0e293
Charles Mingus,charles-mingus,2020-02-22 16:16:01.721403,2020-02-22 16:16:01.721403,d196a600-6e1f-4b2c-9e3b-c0ab86a0e6bf
Beethoven,beethoven,2020-02-22 16:16:01.767003,2020-02-22 16:16:01.767003,e0fcdf1c-18af-4418-b59c-bfd125619140
Michael Jackson,michael-jackson,2020-02-22 16:16:01.824506,2020-02-22 16:16:01.824506,1e73f465-549d-4a7b-88a6-7cfd6ed1fce6
Traditional,traditional,2020-02-22 16:16:01.940794,2020-02-22 16:16:01.940794,db72fcdf-43ee-471d-abe8-16c3fff66d82
John Williams,john-williams,2020-02-22 16:16:02.048615,2020-02-22 16:16:02.048615,273b8165-25e5-4b2a-afd0-65dd1ccb14b6
Pee Wee Ellis,pee-wee-ellis,2020-02-22 16:16:02.094542,2020-02-22 16:16:02.094542,a8701766-f852-41d3-9c34-ebe7fac2131d
Smashing Pumpkins,smashing-pumpkins,2020-02-22 16:16:02.204892,2020-02-22 16:16:02.204892,5658da2f-6398-4292-88e8-a5d656de0c5e
Marshall Tucker Band,marshall-tucker-band,2020-02-22 16:16:02.270053,2020-02-22 16:16:02.270053,a1242e85-df59-4684-bfff-0e73ac463be5
The Disco Biscuits/Fathead,the-disco-biscuits-fathead,2020-02-22 16:16:02.368700,2020-02-22 16:16:02.368700,48047908-c923-49ec-9836-d66edb82e02f
Bonnie Dobson,bonnie-dobson,2020-02-22 16:16:02.428960,2020-02-22 16:16:02.428960,32f745bc-afa6-4bc1-bb3c-e435bb4cd99a
Fathead,fathead,2020-02-22 16:16:02.710452,2020-02-22 16:16:02.710452,54925b32-f3f5-4f44-b00c-8ffc7b8b8074
Frank Zappa,frank-zappa,2020-02-22 16:16:02.751533,2020-02-22 16:16:02.751533,78bd7e77-52a4-4c6a-8249-646739f80b77
Traffic,traffic,2020-02-22 16:16:02.798607,2020-02-22 16:16:02.798607,70f3d582-9dbb-4f8f-bf05-560ea69c04b1
Mozart,mozart,2020-02-22 16:16:02.901542,2020-02-22 16:16:02.901542,4272bbe8-10d2-469d-819e-ce9a0ff887c1
Charles Gounod,charles-gounod,2020-02-22 16:16:02.963883,2020-02-22 16:16:02.963883,11cf8c23-7bf4-48f8-be21-8fa55906b644
Neil Young,neil-young,2020-02-22 16:16:03.050132,2020-02-22 16:16:03.050132,006715fc-120e-4ac7-9e0b-37ccda4d6aca
Carl Carlton,carl-carlton,2020-02-22 16:16:03.456930,2020-02-22 16:16:03.456930,198854b8-6151-4ac8-8a2d-0ebc633d59ff
Z.Z. Top,z-z-top,2020-02-22 16:16:03.546802,2020-02-22 16:16:03.546802,bd5ac6d8-bc70-4049-8bc6-a15597eeb80e
Grandmaster Flash,grandmaster-flash,2020-02-22 16:16:03.653272,2020-02-22 16:16:03.653272,c280a81a-a99d-4780-b1c9-5739c32979ee
"Gutwillig, Tom McKee",gutwillig-tom-mckee,2020-02-22 16:16:03.775789,2020-02-22 16:16:03.775789,6ee846e6-87c2-4db8-861d-585a32877976
Grateful Dead,grateful-dead,2020-02-22 16:16:03.831788,2020-02-22 16:16:03.831788,cb77be37-5de3-492b-830d-c1f111913758
Buddy Guy,buddy-guy,2020-02-22 16:16:03.882691,2020-02-22 16:16:03.882691,337b1646-6f56-4c72-a5d6-68708d1e71b5
The Doors,the-doors,2020-02-22 16:16:04.132092,2020-02-22 16:16:04.132092,2f423e3a-5bc4-4884-8280-42d14b92be6e
Mike Post,mike-post,2020-02-22 16:16:04.303081,2020-02-22 16:16:04.303081,66ae348b-7c75-4c34-b886-d2d9a99a60a1
Men at Work,men-at-work,2020-02-22 16:16:04.475614,2020-02-22 16:16:04.475614,097215e3-9de0-480e-bdf1-79bfe2a549db
Hayflick,hayflick,2020-02-22 16:16:04.558393,2020-02-22 16:16:04.558393,80a4c9f3-ad6a-44b6-be64-f1c293217988
Vince Guiraldi,vince-guiraldi,2020-02-22 16:16:04.646244,2020-02-22 16:16:04.646244,870e46c5-5a10-40a9-8c55-ae056c144d5f
Rossini,rossini,2020-02-22 16:16:04.755464,2020-02-22 16:16:04.755464,9a7a4328-4639-4bea-88c0-d48548e78f37
Guns n' Roses,guns-n-roses,2020-02-22 16:16:05.076618,2020-02-22 16:16:05.076618,4ec1da4c-8890-4203-b787-97668ce0ac0b
Prince,prince,2020-02-22 16:16:05.577724,2020-02-22 16:16:05.577724,f14f9461-8cd5-44b6-8775-beb020a67486
"The Disco Biscuits, Zuniga",the-disco-biscuits-zuniga,2020-02-22 16:16:05.700917,2020-02-22 16:16:05.700917,edb2307c-4e52-41f6-be6c-0f5f9ca8c84a
"Hamlisch, Kleban",hamlisch-kleban,2020-02-22 16:16:05.779466,2020-02-22 16:16:05.779466,6e9875fc-cb50-4cf7-8210-5812e3a68186
Jeff Holdsworth,jeff-holdsworth,2020-02-22 16:16:05.919059,2020-02-22 16:16:05.919059,44226f3d-4987-4669-8d69-85b5620e14ac
Edward Elgar,edward-elgar,2020-02-22 16:16:06.048864,2020-02-22 16:16:06.048864,e263850e-a5ea-4c3a-83ad-ef72c72afc5a
Freddie Hubbard,freddie-hubbard,2020-02-22 16:16:06.170866,2020-02-22 16:16:06.170866,178616e5-3102-445d-8a14-bdbf4c8b3925
"Magner, Lesser",magner-lesser,2020-02-22 16:16:06.416946,2020-02-22 16:16:06.416946,68c84ffd-40d7-4e8b-94d8-a19632ac4499
Schubert,schubert,2020-02-22 16:16:06.541023,2020-02-22 16:16:06.541023,6085b4b8-3cd0-4d52-aea8-e762f28ddf40
Sesame Street,sesame-street,2020-02-22 16:16:06.620376,2020-02-22 16:16:06.620376,37c37be7-145c-4b50-9b86-350f2b53fe9b
Gary Glitter,gary-glitter,2020-02-22 16:16:06.685554,2020-02-22 16:16:06.685554,21881e2d-60e6-4477-b85f-17d0021dab19
Sausage,sausage,2020-02-22 16:16:06.753965,2020-02-22 16:16:06.753965,0218c4f7-3483-4abf-b6d6-0d8fd10530be
Santana,santana,2020-02-22 16:16:06.894398,2020-02-22 16:16:06.894398,db6356aa-db34-47ac-8ffa-1d1cfd6835a0
Jane's Addiction,jane-s-addiction,2020-02-22 16:16:07.195821,2020-02-22 16:16:07.195821,f0a9f3fa-4148-4a4c-aae3-e663ab9c0f15
Tschaikovsky,tschaikovsky,2020-02-22 16:16:07.236772,2020-02-22 16:16:07.236772,c2e2ea22-fb95-4596-be0e-a3d2fd04e01c
Dizzy Gillespie,dizzy-gillespie,2020-02-22 16:16:07.414833,2020-02-22 16:16:07.414833,2f4d3f8c-0e4a-4ba7-97d2-905ed896c9f6
Willie Nelson,willie-nelson,2020-02-22 16:16:07.553107,2020-02-22 16:16:07.553107,68f78405-1ad4-4f3b-bec5-d21dbf6a1047
The Disco Biscuits/The New Deal,the-disco-biscuits-the-new-deal,2020-02-22 16:16:07.800305,2020-02-22 16:16:07.800305,26b6eb4b-2b9e-44cf-a34a-ed61639e27ab
Lynyrd Skynyrd,lynyrd-skynyrd,2020-02-22 16:16:07.903373,2020-02-22 16:16:07.903373,6607ef3b-ca9c-4ba2-8ef4-f1370ddfc63a
Grieg,grieg,2020-02-22 16:16:07.958791,2020-02-22 16:16:07.958791,2876048e-ba97-4544-9fea-1cb4d339cefd
Bob Marley,bob-marley,2020-02-22 16:16:08.192674,2020-02-22 16:16:08.192674,1a0b0cb6-7781-4cab-81e4-2af5cb6db035
Men Without Hats,men-without-hats,2020-02-22 16:16:08.289629,2020-02-22 16:16:08.289629,91448637-5361-4870-9561-771a101b1fa6
Aram Khatchaturian,aram-khatchaturian,2020-02-22 16:16:08.399557,2020-02-22 16:16:08.399557,10819154-e5e4-4305-a410-6d7235716c32
Trey Parker/Matt Stone,trey-parker-matt-stone,2020-02-22 16:16:08.463225,2020-02-22 16:16:08.463225,476422e7-741b-448f-8e56-9ab0a33bb7b6
Disco Biscuits,disco-biscuits,2020-02-22 16:16:08.619665,2020-02-22 16:16:08.619665,e3b85783-5df5-436a-a497-8bb3e40e8a99
Prokofiev,prokofiev,2020-02-22 16:16:08.742444,2020-02-22 16:16:08.742444,b66d73bd-daac-4831-9543-903a88fc3ccb
Cat Stevens,cat-stevens,2020-02-22 16:16:08.840339,2020-02-22 16:16:08.840339,8d367068-7bc3-42b7-a9e0-c1ea3adaf168
Spacehog,spacehog,2020-02-22 16:16:08.918768,2020-02-22 16:16:08.918768,d3e6c7d1-71e2-42d9-bda8-a22cf4ce20bd
Mahavishnu Orchestra,mahavishnu-orchestra,2020-02-22 16:16:09.132257,2020-02-22 16:16:09.132257,b3c98e50-569b-4be4-b662-04663d1ffdf5
Tchaikovsky,tchaikovsky,2020-02-22 16:16:09.268484,2020-02-22 16:16:09.268484,a7b67347-168e-45ff-9b19-e9b399e831ac
Beastie Boys,beastie-boys,2020-02-22 16:16:09.494631,2020-02-22 16:16:09.494631,2808b6a7-afe1-4ccb-bef6-ee4005dde2c0
Umphrey's McGee,umphrey-s-mcgee,2020-02-22 16:16:09.596123,2020-02-22 16:16:09.596123,97fdc6ba-e398-4f76-aa85-3e616aec81c0
Simon Posford/Disco Biscuits,simon-posford-disco-biscuits,2020-02-22 16:16:09.687185,2020-02-22 16:16:09.687185,5f6e0fb3-6f28-4b54-b477-627fe6376966
Bach,bach,2020-02-22 16:16:09.741531,2020-02-22 16:16:09.741531,5f3ac14d-b297-48ab-81f6-4bcc446ec28b
Devo,devo,2020-02-22 16:16:09.825816,2020-02-22 16:16:09.825816,f12ecf62-c667-4162-9345-1693b5bf9df7
Nirvana,nirvana,2020-02-22 16:16:09.919308,2020-02-22 16:16:09.919308,8547656e-8077-4325-8f4d-67338dcea262
Air,air,2020-02-22 16:16:09.997550,2020-02-22 16:16:09.997550,e4903216-c8e6-4a47-a623-70c42706dd2e
JM2,jm2,2020-02-22 16:16:10.141602,2020-02-22 16:16:10.141602,d657e1ed-b1a5-4ef2-bc01-df0196296b69
Guns N' Roses,guns-n-roses-2,2020-02-22 16:16:10.229388,2020-02-22 16:16:10.229388,2e4cd710-18f3-4c9f-86b4-391b10ef259b
David Bowie,david-bowie,2020-02-22 16:16:10.291554,2020-02-22 16:16:10.291554,5e824b7e-685c-4a0a-885a-8b43354e0ccb
The Rolling Stones,the-rolling-stones,2020-02-22 16:16:10.447874,2020-02-22 16:16:10.447874,6338b54a-53df-44ed-979a-2554d6078daa
Carl Orff,carl-orff,2020-02-22 16:16:10.534249,2020-02-22 16:16:10.534249,a558f94b-73e0-4878-bb46-b94792b1a2d1
The Who,the-who,2020-02-22 16:16:10.669811,2020-02-22 16:16:10.669811,aa0572b8-fcb9-40d5-9ce0-b4d3f62c55b5
U2,u2,2020-02-22 16:16:11.056966,2020-02-22 16:16:11.056966,00728db6-8c23-4a58-ac10-e2b66cf74d51
The White Stripes,the-white-stripes,2020-02-22 16:16:11.159912,2020-02-22 16:16:11.159912,bd518a4c-5138-4c93-ab13-3aa1515e00b4
Led Zepllin,led-zepllin,2020-02-22 16:16:11.315238,2020-02-22 16:16:11.315238,9e044c10-50fa-4892-8684-0c00115534c1
Trans-Siberian Orchestra,trans-siberian-orchestra,2020-02-22 16:16:11.410885,2020-02-22 16:16:11.410885,92e593c2-0de6-402b-9470-d2b31fcc01ec
Muse,muse,2020-02-22 16:16:11.598970,2020-02-22 16:16:11.598970,0741948c-afa5-4f19-bb97-126844a6fa0a
Modest Mussorgsky,modest-mussorgsky,2020-02-22 16:16:11.671685,2020-02-22 16:16:11.671685,49eece7c-3661-4fa1-a538-bdf2a4e1cd8a
The Ramones,the-ramones,2020-02-22 16:16:11.758491,2020-02-22 16:16:11.758491,67da6e12-008c-476e-bfc2-77da47eeee1a
Supertramp,supertramp,2020-02-22 16:16:11.816855,2020-02-22 16:16:11.816855,e8e1f0cf-a0ef-4efa-a652-10501f6f6fb5
Justice,justice,2020-02-22 16:16:12.057067,2020-02-22 16:16:12.057067,cf356c9f-d633-4ff4-a748-d0667ddd8276
Rage Against The Machine,rage-against-the-machine,2020-02-22 16:16:12.129222,2020-02-22 16:16:12.129222,a65a8de6-b8a7-4350-a9bf-0b02f9061b60
Tuphace,tuphace,2020-02-22 16:16:12.266769,2020-02-22 16:16:12.266769,b25c8acc-4fd6-49e8-9faf-0e3c5b0ab318
Daft Punk,daft-punk,2020-02-22 16:16:12.323226,2020-02-22 16:16:12.323226,adb45363-78e3-4386-8e4a-de06d60bd09d
The Beastie Boys,the-beastie-boys,2020-02-22 16:16:12.381920,2020-02-22 16:16:12.381920,7c77e463-6bab-42ea-be3e-19cebc2e62d7
Funkadelic,funkadelic,2020-02-22 16:16:12.495967,2020-02-22 16:16:12.495967,96453576-2ebc-4045-91d5-7977572309e2
Flo Rida,flo-rida,2020-02-22 16:16:12.584146,2020-02-22 16:16:12.584146,f5f5bc2e-1fb1-4263-a019-8507e4d7fc08
"Jon Gutwillig, Harry Zelnick & Alex Chig",jon-gutwillig-harry-zelnick-alex-chig,2020-02-22 16:16:12.779477,2020-02-22 16:16:12.779477,e0b6f31b-1ca6-42cc-90ca-7c53238aa2df
Gorillaz,gorillaz,2020-02-22 16:16:12.935484,2020-02-22 16:16:12.935484,95da34d7-c5b9-4630-b519-6a6c992161d3
T-Bone Walker,t-bone-walker,2020-02-22 16:16:13.026457,2020-02-22 16:16:13.026457,8a604595-0db3-420d-958e-ab88481ff9bd
Gary Numan,gary-numan,2020-02-22 16:16:13.125262,2020-02-22 16:16:13.125262,f226cbad-3fbe-4fcc-8a14-b84771c284c0
Nintendo,nintendo,2020-02-22 16:16:13.236660,2020-02-22 16:16:13.236660,e121f335-994b-4e15-886d-2e40597f2b53
The Stranglers,the-stranglers,2020-02-22 16:16:13.361750,2020-02-22 16:16:13.361750,3aaca4fb-2f0f-4f9b-a9e0-3b558c2bdef8
INXS,inxs,2020-02-22 16:16:13.628068,2020-02-22 16:16:13.628068,6268ca24-5bfc-4998-a57f-2e13ee13d2fe
Kool & the Gang,kool-the-gang,2020-02-22 16:16:13.689267,2020-02-22 16:16:13.689267,f9714ece-8039-4d28-a516-dda4b4459670
Garcia/Weir/Kreutzmann,garcia-weir-kreutzmann,2020-02-22 16:16:13.741570,2020-02-22 16:16:13.741570,a378ce45-f248-4a18-bc88-5efa4d62896e
Garcia/Hunter,garcia-hunter,2020-02-22 16:16:13.782602,2020-02-22 16:16:13.782602,b2e3838d-17e2-455f-8488-14f2716e4b10
Walter Murphy,walter-murphy,2020-02-22 16:16:13.820562,2020-02-22 16:16:13.820562,e4a8d427-c523-4156-af9b-2e67e3321a2c
Isaac Hayes and David Porter,isaac-hayes-and-david-porter,2020-02-22 16:16:13.921003,2020-02-22 16:16:13.921003,ca31b3dd-a701-40ab-afec-9bb44b983363
Patrick Hernandez,patrick-hernandez,2020-02-22 16:16:14.098541,2020-02-22 16:16:14.098541,e06e15cb-2aea-4d41-a4c9-1b52da282dd8
LCD Soundsystem,lcd-soundsystem,2020-02-22 16:16:14.148339,2020-02-22 16:16:14.148339,4b0c7b3d-7e5c-460f-8a6e-003633faf264
Bee Gees,bee-gees,2020-02-22 16:16:14.254461,2020-02-22 16:16:14.254461,d11dfbdd-adf6-4acd-86bd-3a6d9962f1be
Rick James,rick-james,2020-02-22 16:16:14.315863,2020-02-22 16:16:14.315863,d247b0ee-1fba-449f-96bc-60733f5f35fc
Eddy Grant,eddy-grant,2020-02-22 16:16:14.407026,2020-02-22 16:16:14.407026,49b90d78-dd40-40ae-8442-4f315f0c75b6
Issac Hayes,issac-hayes,2020-02-22 16:16:14.527781,2020-02-22 16:16:14.527781,e58e50f8-a33c-427a-9714-6dd229b5e8df
Lipps Inc.,lipps-inc,2020-02-22 16:16:14.756227,2020-02-22 16:16:14.756227,b2fa49a5-2828-4c99-bdd9-608c4438c815
Hall and Oates,hall-and-oates,2020-02-22 16:16:14.978286,2020-02-22 16:16:14.978286,01e47aa0-9b75-473f-b598-30adbb912814
S U R V I VE,s-u-r-v-i-ve,2020-02-22 16:16:15.150766,2020-02-22 16:16:15.150766,21604205-4f7f-44d4-bb25-eb7cac506787
Duran Duran,duran-duran,2020-02-22 16:16:15.250245,2020-02-22 16:16:15.250245,46edf325-0a60-4687-a5a4-8544cf7d1848
Blondie,blondie,2020-02-22 16:16:15.418796,2020-02-22 16:16:15.418796,c245477a-09f3-45d1-beef-abe25f172b27
Mike Oldfield,mike-oldfield,2020-02-22 16:16:15.513589,2020-02-22 16:16:15.513589,b335fff3-e32a-44eb-825b-5fea1ceae149
Donna Summer/Giorgio Moroder/ Pete Bello,donna-summer-giorgio-moroder-pete-bello,2020-02-22 16:16:15.578791,2020-02-22 16:16:15.578791,306f31b3-30ee-4f40-8336-38a8cb075ece
John Lennon,john-lennon,2020-02-22 16:16:15.626616,2020-02-22 16:16:15.626616,676b9663-c899-4e49-a843-3ed05c6fd863
"Aron Magner, Jon Gutwillig",aron-magner-jon-gutwillig,2020-02-22 16:16:15.694605,2020-02-22 16:16:15.694605,16dea9b0-03b7-43eb-bcda-5162b37b7088
Allen Aucoin,allen-aucoin,2020-02-22 16:16:15.742312,2020-02-22 16:16:15.742312,6d43f65e-15af-4fee-9fab-9a18d6526410
Ginuwine,ginuwine,2020-02-22 16:16:15.828619,2020-02-22 16:16:15.828619,a5bd067f-4d71-4ad3-b541-addbbaf45ad4
"Brownstein, Calarco",brownstein-calarco,2020-04-22 22:56:01.579065,2020-04-22 22:56:01.579065,d65dd58f-e6f9-4a21-8ddd-500960eeafcd
Bill Conti,bill-conti,2020-02-22 16:16:03.546802,2020-02-22 16:16:03.546802,ce2f319d-3a41-447f-90f9-3604fa064796
Martha and The Vandellas,martha-and-the-vandellas,2020-02-22 16:16:03.546802,2020-02-22 16:16:03.546802,fc2952cf-11bd-498e-9e9b-3a4f8747ce81
"Gutwillig, Joey Friedman",gutwillig-joey-friedman,2022-11-21 13:13:34.972287,2022-11-21 13:13:34.972287,115c12e3-9e06-4c81-954b-db6dfe7388f8
The Alan Parsons Project,the-alan-parsons-project,2023-01-02 22:42:31.183622,2023-01-02 22:42:31.183622,67be7840-c5c5-4c5c-9add-e7386d79bbef
"Gutwillig, Magner, Friedman",gutwillig-magner-friedman,2023-01-20 18:00:25.724452,2023-01-20 18:00:25.724452,71cad423-1917-4734-a562-e762726a8f6d
"The Disco Biscuits, Friedman",the-disco-biscuits-friedman,2023-01-20 18:00:25.724452,2023-01-20 18:00:25.724452,8a2d334a-3281-4a86-a2b4-5f161f819988
Dead or Alive,dead-or-alive,2023-06-02 01:26:48.345126,2023-06-02 01:26:48.345126,ba995536-178d-4faf-af1b-90882d3013bf
"Jon Gutwillig, Joey Friedman, Alex Mazer",barber-joey-mazer,2023-06-02 01:26:48.345126,2023-06-02 01:26:48.345126,bafe727a-c66e-479c-9a7b-682d44c5a631
"Jon Gutwillig, Nicholas Schmidle, Alex Mazer",barber-schmidle-mazer,2023-06-02 01:26:48.345126,2023-06-02 01:26:48.345126,b29467c4-d34f-4569-ac70-523346ceecf6
"Gutwillig, Brownstein, Magner, and Friedman",gutwillig-brownstein-magner-friedman,2023-06-13 14:26:14.463665,2023-06-13 14:26:14.463665,e8fab4d7-bf21-4dac-b57e-fb2548411589
"Gutwillig, Magner, Schmidle, Mazer",gutwillig-magner-schmidle-mazer,2023-06-15 20:45:35.789831,2023-06-15 20:45:35.789831,a182f8aa-b279-4ffa-8207-d599d56a7535
"Brownstein, Friedman, Gutwillig, Magner",brownstein-friedman-gutwillig-magner,2023-06-15 20:45:37.408576,2023-06-15 20:45:37.408576,622a1d4c-5823-4a76-add9-977a6c32ddc7
"Brownstein, Magner",brownstein-magner,2020-02-22 16:16:03.546802,2020-02-22 16:16:03.546802,ce699602-28b5-469b-b893-cf81a9aa36a0
